<cmn:DatafordelerDataDelivery xmlns:xsi="http://www.w3.org/2001/XMLSchema-instance" xmlns:cmn="http://data.gov.dk/daf" xmlns:dar="http://data.gov.dk/dar">
  <cmn:Header>
    <cmn:ReplicationChannelID>22</cmn:ReplicationChannelID>
    <cmn:SequenceNumber>2</cmn:SequenceNumber>
    <cmn:TimeOfCreation>2016-09-16T14:27:53.388959Z</cmn:TimeOfCreation>
    <cmn:CoversPeriodFrom xsi:nil="true" />
    <cmn:CoversPeriodTo xsi:nil="true" />
    <cmn:DeliveryType>Delta</cmn:DeliveryType>
  </cmn:Header>
  <cmn:Data>
    <cmn:DataEntity>
      <cmn:Action>Update</cmn:Action>
      <cmn:CreateEvent>NoEvent</cmn:CreateEvent>
      <dar:Adresse>
        <dar:forretningshændelse>2</dar:forretningshændelse>
        <dar:forretningsområde>54.15.10.08</dar:forretningsområde>
        <dar:forretningsproces>0</dar:forretningsproces>
        <dar:id_namespace>http://data.gov.dk/dar/adresse</dar:id_namespace>
        <dar:id_lokalId>d540a0bd-50cc-4408-992f-0000161122ed</dar:id_lokalId>
        <dar:registreringFra>2016-07-08T15:10:50Z</dar:registreringFra>
        <dar:registreringsaktør>GeoSite</dar:registreringsaktør>
		<dar:registreringTil>2016-09-09T21:35:00+02:00</dar:registreringTil>
        <dar:status>3</dar:status>
        <dar:virkningFra>2015-10-05T14:30:14.837Z</dar:virkningFra>
        <dar:virkningsaktør>Konvertering2017</dar:virkningsaktør>
        <dar:adressebetegnelse>VEJNAVN MANGLER 2, 6, 8000 Aarhus C</dar:adressebetegnelse>
        <dar:etagebetegnelse>6</dar:etagebetegnelse>
        <dar:husnummer>0a3f5096-09f8-32b8-e044-0003ba298018</dar:husnummer>
      </dar:Adresse>
    </cmn:DataEntity>
    <cmn:DataEntity>
      <cmn:Action>Create</cmn:Action>
      <cmn:CreateEvent>UpdateEvent</cmn:CreateEvent>
      <dar:Adresse>
        <dar:forretningshændelse>2</dar:forretningshændelse>
        <dar:forretningsområde>54.15.10.08</dar:forretningsområde>
        <dar:forretningsproces>0</dar:forretningsproces>
        <dar:id_namespace>http://data.gov.dk/dar/adresse</dar:id_namespace>
        <dar:id_lokalId>d540a0bd-50cc-4408-992f-0000161122ed</dar:id_lokalId>
        <dar:registreringFra>2016-09-09T21:35:00+02:00</dar:registreringFra>
        <dar:registreringsaktør>GeoSite</dar:registreringsaktør>
        <dar:status>3</dar:status>
        <dar:virkningFra>2015-10-05T14:30:14.837Z</dar:virkningFra>
        <dar:virkningsaktør>Konvertering2017</dar:virkningsaktør>
        <dar:virkningTil>2016-09-09T21:35:00+02:00</dar:virkningTil>
        <dar:adressebetegnelse>VEJNAVN MANGLER 2, 6, 8000 Aarhus C</dar:adressebetegnelse>
        <dar:etagebetegnelse>6</dar:etagebetegnelse>
        <dar:husnummer>0a3f5096-09f8-32b8-e044-0003ba298018</dar:husnummer>
      </dar:Adresse>
    </cmn:DataEntity>
  </cmn:Data>
</cmn:DatafordelerDataDelivery>
