<cmn:DatafordelerDataDelivery xmlns:xsi="http://www.w3.org/2001/XMLSchema-instance" xmlns:cmn="http://data.gov.dk/daf" xmlns:dar="http://data.gov.dk/dar">
  <cmn:Header>
    <cmn:ReplicationChannelID>22</cmn:ReplicationChannelID>
    <cmn:SequenceNumber>2</cmn:SequenceNumber>
    <cmn:TimeOfCreation>2016-09-16T14:27:19.935614Z</cmn:TimeOfCreation>
    <cmn:CoversPeriodFrom xsi:nil="true" />
    <cmn:CoversPeriodTo xsi:nil="true" />
    <cmn:DeliveryType>Delta</cmn:DeliveryType>
  </cmn:Header>
  <cmn:Data>
    <cmn:DataEntity>
      <cmn:Action>Update</cmn:Action>
      <cmn:CreateEvent>NoEvent</cmn:CreateEvent>
      <dar:Adressepunkt>
        <dar:forretningshændelse>6</dar:forretningshændelse>
        <dar:forretningsområde>54.15.10.07</dar:forretningsområde>
        <dar:forretningsproces>0</dar:forretningsproces>
        <dar:id_namespace>http://data.gov.dk/dar/adressepunkt</dar:id_namespace>
        <dar:id_lokalId>0a3f507c-0a7f-32b8-e044-0003ba298018</dar:id_lokalId>
        <dar:registreringFra>2016-07-08T15:10:50Z</dar:registreringFra>
        <dar:registreringsaktør>DAR</dar:registreringsaktør>
        <dar:registreringTil>2016-09-09T21:35:00+02:00</dar:registreringTil>
        <dar:status>8</dar:status>
        <dar:virkningFra>2009-11-24T01:50:11Z</dar:virkningFra>
        <dar:virkningsaktør>Konvertering2017</dar:virkningsaktør>
        <dar:oprindelse_kilde>Grundkort</dar:oprindelse_kilde>
        <dar:oprindelse_nøjagtighedsklasse>A</dar:oprindelse_nøjagtighedsklasse>
        <dar:oprindelse_registrering>1998-11-05T00:00:00Z</dar:oprindelse_registrering>
        <dar:oprindelse_tekniskStandard>TN</dar:oprindelse_tekniskStandard>
        <dar:position>POINT (721359.63 6181724.82)</dar:position>
      </dar:Adressepunkt>
    </cmn:DataEntity>
    <cmn:DataEntity>
      <cmn:Action>Create</cmn:Action>
      <cmn:CreateEvent>NoEvent</cmn:CreateEvent>
      <dar:Adressepunkt>
        <dar:forretningshændelse>6</dar:forretningshændelse>
        <dar:forretningsområde>54.15.10.07</dar:forretningsområde>
        <dar:forretningsproces>0</dar:forretningsproces>
        <dar:id_namespace>http://data.gov.dk/dar/adressepunkt</dar:id_namespace>
        <dar:id_lokalId>0a3f507c-0a7f-32b8-e044-0003ba298018</dar:id_lokalId>
        <dar:registreringFra>2016-09-09T21:35:00+02:00</dar:registreringFra>
        <dar:registreringsaktør>DAR</dar:registreringsaktør>
        <dar:status>8</dar:status>
        <dar:virkningFra>2009-11-24T01:50:11Z</dar:virkningFra>
        <dar:virkningsaktør>Konvertering2017</dar:virkningsaktør>
		<dar:virkningTil>2016-09-09T21:35:00+02:00</dar:virkningTil>
        <dar:oprindelse_kilde>Grundkort</dar:oprindelse_kilde>
        <dar:oprindelse_nøjagtighedsklasse>A</dar:oprindelse_nøjagtighedsklasse>
        <dar:oprindelse_registrering>1998-11-05T00:00:00Z</dar:oprindelse_registrering>
        <dar:oprindelse_tekniskStandard>TN</dar:oprindelse_tekniskStandard>
        <dar:position>POINT (721359.63 6181724.82)</dar:position>
      </dar:Adressepunkt>
    </cmn:DataEntity>
    <cmn:DataEntity>
      <cmn:Action>Create</cmn:Action>
      <cmn:CreateEvent>UpdateEvent</cmn:CreateEvent>
      <dar:Adressepunkt>
        <dar:forretningshændelse>6</dar:forretningshændelse>
        <dar:forretningsområde>54.15.10.07</dar:forretningsområde>
        <dar:forretningsproces>0</dar:forretningsproces>
        <dar:id_namespace>http://data.gov.dk/dar/adressepunkt</dar:id_namespace>
        <dar:id_lokalId>0a3f507c-0a7f-32b8-e044-0003ba298018</dar:id_lokalId>
        <dar:registreringFra>2016-09-09T21:35:00+02:00</dar:registreringFra>
        <dar:registreringsaktør>DAR</dar:registreringsaktør>
        <dar:status>8</dar:status>
        <dar:virkningFra>2016-09-09T21:35:00+02:00</dar:virkningFra>
        <dar:virkningsaktør>Konvertering2017</dar:virkningsaktør>
        <dar:oprindelse_kilde>Grundkort</dar:oprindelse_kilde>
        <dar:oprindelse_nøjagtighedsklasse>A</dar:oprindelse_nøjagtighedsklasse>
        <dar:oprindelse_registrering>2016-09-09T21:35:00+02:00</dar:oprindelse_registrering>
        <dar:oprindelse_tekniskStandard>TN</dar:oprindelse_tekniskStandard>
        <dar:position>POINT (721359.63 6181724.82)</dar:position>
      </dar:Adressepunkt>
    </cmn:DataEntity>
  </cmn:Data>
</cmn:DatafordelerDataDelivery>
