<cmn:DatafordelerDataDelivery xmlns:xsi="http://www.w3.org/2001/XMLSchema-instance" xmlns:cmn="http://data.gov.dk/daf" xmlns:dar="http://data.gov.dk/dar">
  <cmn:Header>
    <cmn:ReplicationChannelID>22</cmn:ReplicationChannelID>
    <cmn:SequenceNumber>2</cmn:SequenceNumber>
    <cmn:TimeOfCreation>2016-09-16T14:27:53.3049506Z</cmn:TimeOfCreation>
    <cmn:CoversPeriodFrom xsi:nil="true" />
    <cmn:CoversPeriodTo xsi:nil="true" />
    <cmn:DeliveryType>Delta</cmn:DeliveryType>
  </cmn:Header>
  <cmn:Data>
    <cmn:DataEntity>
      <cmn:Action>Create</cmn:Action>
      <cmn:CreateEvent>CreateEvent</cmn:CreateEvent>
      <dar:Adresse>
        <dar:forretningshændelse>2</dar:forretningshændelse>
        <dar:forretningsområde>54.15.10.08</dar:forretningsområde>
        <dar:forretningsproces>0</dar:forretningsproces>
        <dar:id_namespace>http://data.gov.dk/dar/adresse</dar:id_namespace>
        <dar:id_lokalId>005e608d-bb88-482a-b185-4b3ca8e7e287</dar:id_lokalId>
        <dar:registreringFra>2016-09-09T21:35:00+02:00</dar:registreringFra>
        <dar:registreringsaktør>DAR dev</dar:registreringsaktør>
        <dar:status>3</dar:status>
        <dar:virkningFra>2016-09-09T21:35:00+02:00</dar:virkningFra>
        <dar:virkningsaktør>AjourføreDarSystem</dar:virkningsaktør>
        <dar:adressebetegnelse>Grønningen 19, 1270 København K</dar:adressebetegnelse>
        <dar:husnummer>0a3f507a-7ec6-32b8-e044-0003ba298018</dar:husnummer>
      </dar:Adresse>
    </cmn:DataEntity>
  </cmn:Data>
</cmn:DatafordelerDataDelivery>
