<cmn:DatafordelerDataDelivery xmlns:xsi="http://www.w3.org/2001/XMLSchema-instance" xmlns:cmn="http://data.gov.dk/daf" xmlns:dar="http://data.gov.dk/dar">
  <cmn:Header>
    <cmn:ReplicationChannelID>22</cmn:ReplicationChannelID>
    <cmn:SequenceNumber>2</cmn:SequenceNumber>
    <cmn:TimeOfCreation>2016-09-16T13:45:42.5278747Z</cmn:TimeOfCreation>
    <cmn:CoversPeriodFrom xsi:nil="true" />
    <cmn:CoversPeriodTo xsi:nil="true" />
    <cmn:DeliveryType>Delta</cmn:DeliveryType>
  </cmn:Header>
  <cmn:Data>
    <cmn:DataEntity>
      <cmn:Action>Create</cmn:Action>
      <cmn:CreateEvent>CreateEvent</cmn:CreateEvent>
      <dar:Husnummer>
        <dar:forretningshændelse>3</dar:forretningshændelse>
        <dar:forretningsområde>54.15.10.25</dar:forretningsområde>
        <dar:forretningsproces>0</dar:forretningsproces>
        <dar:id_namespace>http://data.gov.dk/dar/husnummer</dar:id_namespace>
        <dar:id_lokalId>3e23470e-4aab-4f05-afd9-178c652e66d5</dar:id_lokalId>
        <dar:registreringFra>2016-09-09T21:35:00+02:00</dar:registreringFra>
        <dar:registreringsaktør>DAR dev</dar:registreringsaktør>
        <dar:status>2</dar:status>
        <dar:virkningFra>2016-09-09T21:35:00+02:00</dar:virkningFra>
        <dar:virkningsaktør>AjourføreDarSystem</dar:virkningsaktør>
        <dar:adgangsadressebetegnelse>Grønningen , 1270 København K</dar:adgangsadressebetegnelse>
        <dar:adgangspunkt>2ce1c75f-94a5-4f46-9663-45444934e79f</dar:adgangspunkt>
        <dar:husnummerretning>POINT (0.88883830158320909 -0.45822098777628717)</dar:husnummerretning>
        <dar:vejpunkt>75e905c6-63b4-4aa7-9a9b-17926c88c847</dar:vejpunkt>
        <dar:jordstykke>10439988</dar:jordstykke>
        <dar:vejmidte>99713162</dar:vejmidte>
        <dar:supplerendeBynavn>92b602bf-0c7d-4fe7-a760-f07bbee788c9</dar:supplerendeBynavn>
        <dar:navngivenVej>8948e77a-380f-4e70-b856-4c192e01395b</dar:navngivenVej>
        <dar:postnummer>85000f42-3792-4bcc-bf37-e1d72fffebd7</dar:postnummer>
      </dar:Husnummer>
    </cmn:DataEntity>
  </cmn:Data>
</cmn:DatafordelerDataDelivery>
