<cmn:DatafordelerDataDelivery xmlns:xsi="http://www.w3.org/2001/XMLSchema-instance" xmlns:cmn="http://data.gov.dk/daf" xmlns:dar="http://data.gov.dk/dar">
  <cmn:Header>
    <cmn:ReplicationChannelID>22</cmn:ReplicationChannelID>
    <cmn:SequenceNumber>2</cmn:SequenceNumber>
    <cmn:TimeOfCreation>2016-09-16T14:27:50.4246626Z</cmn:TimeOfCreation>
    <cmn:CoversPeriodFrom xsi:nil="true" />
    <cmn:CoversPeriodTo xsi:nil="true" />
    <cmn:DeliveryType>Delta</cmn:DeliveryType>
  </cmn:Header>
  <cmn:Data>
    <cmn:DataEntity>
      <cmn:Action>Update</cmn:Action>
      <cmn:CreateEvent>NoEvent</cmn:CreateEvent>
      <dar:Husnummer>
        <dar:forretningshændelse>3</dar:forretningshændelse>
        <dar:forretningsområde>54.15.10.07</dar:forretningsområde>
        <dar:forretningsproces>0</dar:forretningsproces>
        <dar:id_namespace>http://data.gov.dk/dar/husnummer</dar:id_namespace>
        <dar:id_lokalId>b6874918-495e-4cd0-abef-000023e65d9b</dar:id_lokalId>
        <dar:registreringFra>2016-07-08T15:10:50Z</dar:registreringFra>
        <dar:registreringsaktør>Carina Balding Høj</dar:registreringsaktør>
        <dar:registreringTil>2016-09-09T21:35:00+02:00</dar:registreringTil>
        <dar:status>3</dar:status>
        <dar:virkningFra>2016-07-08T15:10:50Z</dar:virkningFra>
        <dar:virkningsaktør>Konvertering2017</dar:virkningsaktør>
        <dar:adgangsadressebetegnelse>VEJNAVN MANGLER 110, 5400 Bogense</dar:adgangsadressebetegnelse>
        <dar:adgangspunkt>17c55d0a-adcb-4d17-9e99-f8c1947b545d</dar:adgangspunkt>
        <dar:husnummerretning>POINT (0.382683432365089 -0.923879532511287)</dar:husnummerretning>
        <dar:husnummertekst>110</dar:husnummertekst>
        <dar:vejpunkt>b4727e73-5199-487f-9469-9bbcacae4bac</dar:vejpunkt>
        <dar:jordstykke>2325936</dar:jordstykke>
        <dar:geoDanmarkBygning>1033407926</dar:geoDanmarkBygning>
        <dar:postnummer>7dec2285-edf7-4e71-bbd1-344752082446</dar:postnummer>
      </dar:Husnummer>
    </cmn:DataEntity>
    <cmn:DataEntity>
      <cmn:Action>Create</cmn:Action>
      <cmn:CreateEvent>NoEvent</cmn:CreateEvent>
      <dar:Husnummer>
        <dar:forretningshændelse>3</dar:forretningshændelse>
        <dar:forretningsområde>54.15.10.07</dar:forretningsområde>
        <dar:forretningsproces>0</dar:forretningsproces>
        <dar:id_namespace>http://data.gov.dk/dar/husnummer</dar:id_namespace>
        <dar:id_lokalId>b6874918-495e-4cd0-abef-000023e65d9b</dar:id_lokalId>
        <dar:registreringFra>2016-09-09T21:35:00+02:00</dar:registreringFra>
        <dar:registreringsaktør>Carina Balding Høj</dar:registreringsaktør>
        <dar:status>3</dar:status>
        <dar:virkningFra>2016-07-08T15:10:50Z</dar:virkningFra>
        <dar:virkningsaktør>Konvertering2017</dar:virkningsaktør>
        <dar:virkningTil>2016-09-09T21:35:00+02:00</dar:virkningTil>
        <dar:adgangsadressebetegnelse>VEJNAVN MANGLER 110, 5400 Bogense</dar:adgangsadressebetegnelse>
        <dar:adgangspunkt>17c55d0a-adcb-4d17-9e99-f8c1947b545d</dar:adgangspunkt>
        <dar:husnummerretning>POINT (0.382683432365089 -0.923879532511287)</dar:husnummerretning>
        <dar:husnummertekst>110</dar:husnummertekst>
        <dar:vejpunkt>b4727e73-5199-487f-9469-9bbcacae4bac</dar:vejpunkt>
        <dar:jordstykke>2325936</dar:jordstykke>
        <dar:geoDanmarkBygning>1033407926</dar:geoDanmarkBygning>
        <dar:postnummer>7dec2285-edf7-4e71-bbd1-344752082446</dar:postnummer>
      </dar:Husnummer>
    </cmn:DataEntity>
    <cmn:DataEntity>
      <cmn:Action>Create</cmn:Action>
      <cmn:CreateEvent>UpdateEvent</cmn:CreateEvent>
      <dar:Husnummer>
        <dar:forretningshændelse>3</dar:forretningshændelse>
        <dar:forretningsområde>54.15.10.07</dar:forretningsområde>
        <dar:forretningsproces>0</dar:forretningsproces>
        <dar:id_namespace>http://data.gov.dk/dar/husnummer</dar:id_namespace>
        <dar:id_lokalId>b6874918-495e-4cd0-abef-000023e65d9b</dar:id_lokalId>
        <dar:registreringFra>2016-09-09T21:35:00+02:00</dar:registreringFra>
        <dar:registreringsaktør>Carina Balding Høj</dar:registreringsaktør>
        <dar:status>3</dar:status>
        <dar:virkningFra>2016-09-09T21:35:00+02:00</dar:virkningFra>
        <dar:virkningsaktør>Konvertering2017</dar:virkningsaktør>
        <dar:adgangsadressebetegnelse>VEJNAVN MANGLER 110, 5400 Bogense</dar:adgangsadressebetegnelse>
        <dar:adgangspunkt>17c55d0a-adcb-4d17-9e99-f8c1947b545d</dar:adgangspunkt>
        <dar:husnummerretning>POINT (0.382683432365089 -0.923879532511287)</dar:husnummerretning>
        <dar:husnummertekst>110</dar:husnummertekst>
        <dar:vejpunkt>b4727e73-5199-487f-9469-9bbcacae4bac</dar:vejpunkt>
        <dar:jordstykke>2325936</dar:jordstykke>
        <dar:geoDanmarkBygning>1033407926</dar:geoDanmarkBygning>
        <dar:postnummer>7dec2285-edf7-4e71-bbd1-344752082446</dar:postnummer>
      </dar:Husnummer>
    </cmn:DataEntity>
  </cmn:Data>
</cmn:DatafordelerDataDelivery>
