<cmn:DatafordelerDataDelivery xmlns:xsi="http://www.w3.org/2001/XMLSchema-instance" xmlns:cmn="http://data.gov.dk/daf" xmlns:dar="http://data.gov.dk/dar">
  <cmn:Header>
    <cmn:ReplicationChannelID>22</cmn:ReplicationChannelID>
    <cmn:SequenceNumber>2</cmn:SequenceNumber>
    <cmn:TimeOfCreation>2016-09-16T14:27:54.179038Z</cmn:TimeOfCreation>
    <cmn:CoversPeriodFrom xsi:nil="true" />
    <cmn:CoversPeriodTo xsi:nil="true" />
    <cmn:DeliveryType>Delta</cmn:DeliveryType>
  </cmn:Header>
  <cmn:Data>
    <cmn:DataEntity>
      <cmn:Action>Create</cmn:Action>
      <cmn:CreateEvent>CreateEvent</cmn:CreateEvent>
      <dar:NavngivenVejPostnummer>
        <dar:forretningshændelse>Opret navngiven vej</dar:forretningshændelse>
        <dar:forretningsområde>NavngivenVej</dar:forretningsområde>
        <dar:forretningsproces>Opret navngiven vej</dar:forretningsproces>
        <dar:id_namespace>http://data.gov.dk/dar/navngivenvejpostnummer</dar:id_namespace>
        <dar:id_lokalId>4c7df1ab-4a25-4459-8f7a-cbf5219a91af</dar:id_lokalId>
        <dar:registreringFra>2016-09-09T21:35:00+02:00</dar:registreringFra>
        <dar:registreringsaktør>DAR 1.0</dar:registreringsaktør>
        <dar:status>3</dar:status>
        <dar:virkningFra>2016-09-09T21:35:00+02:00</dar:virkningFra>
        <dar:virkningsaktør>Andreas</dar:virkningsaktør>
        <dar:navngivenVej>57d7fa28-33d2-4abe-a830-0000fd390137</dar:navngivenVej>
        <dar:postnummer>ca2d6a5e-80c9-4748-9ece-450fce55c9a9</dar:postnummer>
      </dar:NavngivenVejPostnummer>
    </cmn:DataEntity>
  </cmn:Data>
</cmn:DatafordelerDataDelivery>
