<cmn:DatafordelerDataDelivery xmlns:xsi="http://www.w3.org/2001/XMLSchema-instance" xmlns:cmn="http://data.gov.dk/daf" xmlns:dar="http://data.gov.dk/dar">
  <cmn:Header>
    <cmn:ReplicationChannelID>22</cmn:ReplicationChannelID>
    <cmn:SequenceNumber>2</cmn:SequenceNumber>
    <cmn:TimeOfCreation>2016-09-16T14:27:50.9247126Z</cmn:TimeOfCreation>
    <cmn:CoversPeriodFrom xsi:nil="true" />
    <cmn:CoversPeriodTo xsi:nil="true" />
    <cmn:DeliveryType>Delta</cmn:DeliveryType>
  </cmn:Header>
  <cmn:Data>
    <cmn:DataEntity>
      <cmn:Action>Create</cmn:Action>
      <cmn:CreateEvent>CreateEvent</cmn:CreateEvent>
      <dar:NavngivenVejKommunedel>
        <dar:forretningshændelse>Opret navngiven vej</dar:forretningshændelse>
        <dar:forretningsområde>NavngivenVej</dar:forretningsområde>
        <dar:forretningsproces>Opret navngiven vej</dar:forretningsproces>
        <dar:id_namespace>http://data.gov.dk/dar/navngivenvejkommunedel</dar:id_namespace>
        <dar:id_lokalId>3a257733-e108-45ba-9720-bad00d422700</dar:id_lokalId>
        <dar:registreringFra>2016-09-09T21:35:00+02:00</dar:registreringFra>
        <dar:registreringsaktør>DAR 1.0</dar:registreringsaktør>
        <dar:status>3</dar:status>
        <dar:virkningFra>2016-09-09T21:35:00+02:00</dar:virkningFra>
        <dar:virkningsaktør>Andreas</dar:virkningsaktør>
        <dar:kommune>0101</dar:kommune>
        <dar:vejkode>0015</dar:vejkode>
        <dar:navngivenVej>1c036efd-56bf-44aa-b7c1-ce6bc8fc80e9</dar:navngivenVej>
      </dar:NavngivenVejKommunedel>
    </cmn:DataEntity>
  </cmn:Data>
</cmn:DatafordelerDataDelivery>
