<cmn:DatafordelerDataDelivery xmlns:xsi="http://www.w3.org/2001/XMLSchema-instance" xmlns:cmn="http://data.gov.dk/daf" xmlns:dar="http://data.gov.dk/dar">
  <cmn:Header>
    <cmn:ReplicationChannelID>22</cmn:ReplicationChannelID>
    <cmn:SequenceNumber>2</cmn:SequenceNumber>
    <cmn:TimeOfCreation>2016-09-16T14:27:54.339054Z</cmn:TimeOfCreation>
    <cmn:CoversPeriodFrom xsi:nil="true" />
    <cmn:CoversPeriodTo xsi:nil="true" />
    <cmn:DeliveryType>Delta</cmn:DeliveryType>
  </cmn:Header>
  <cmn:Data>
    <cmn:DataEntity>
      <cmn:Action>Create</cmn:Action>
      <cmn:CreateEvent>CreateEvent</cmn:CreateEvent>
      <dar:NavngivenVejSupplerendeBynavn>
        <dar:forretningshændelse>NavngivenVej</dar:forretningshændelse>
        <dar:forretningsområde>54.15.10.06</dar:forretningsområde>
        <dar:forretningsproces>0</dar:forretningsproces>
        <dar:id_namespace>http://data.gov.dk/dar/navngivenvejsupplerendebynavn</dar:id_namespace>
        <dar:id_lokalId>8e535acd-8699-4646-9268-6fc8c6af6e32</dar:id_lokalId>
        <dar:registreringFra>2016-09-09T21:35:00+02:00</dar:registreringFra>
        <dar:registreringsaktør>SDFE</dar:registreringsaktør>
        <dar:status>3</dar:status>
        <dar:virkningFra>2016-09-09T21:35:00+02:00</dar:virkningFra>
        <dar:virkningsaktør>Konvertering2017</dar:virkningsaktør>
        <dar:navngivenVej>57d7fa28-33d2-4abe-a830-0000fd390137</dar:navngivenVej>
        <dar:supplerendeBynavn>085cd5ae-40ea-4fa1-be62-3631d4ffb27b</dar:supplerendeBynavn>
      </dar:NavngivenVejSupplerendeBynavn>
    </cmn:DataEntity>
  </cmn:Data>
</cmn:DatafordelerDataDelivery>
