<cmn:DatafordelerDataDelivery xmlns:xsi="http://www.w3.org/2001/XMLSchema-instance" xmlns:cmn="http://data.gov.dk/daf" xmlns:dar="http://data.gov.dk/dar">
  <cmn:Header>
    <cmn:ReplicationChannelID>22</cmn:ReplicationChannelID>
    <cmn:SequenceNumber>2</cmn:SequenceNumber>
    <cmn:TimeOfCreation>2016-09-16T14:27:54.3940595Z</cmn:TimeOfCreation>
    <cmn:CoversPeriodFrom xsi:nil="true" />
    <cmn:CoversPeriodTo xsi:nil="true" />
    <cmn:DeliveryType>Delta</cmn:DeliveryType>
  </cmn:Header>
  <cmn:Data>
    <cmn:DataEntity>
      <cmn:Action>Update</cmn:Action>
      <cmn:CreateEvent>NoEvent</cmn:CreateEvent>
      <dar:NavngivenVejSupplerendeBynavn>
        <dar:forretningshændelse>NavngivenVej</dar:forretningshændelse>
        <dar:forretningsområde>54.15.10.06</dar:forretningsområde>
        <dar:forretningsproces>0</dar:forretningsproces>
        <dar:id_namespace>http://data.gov.dk/dar/navngivenvejsupplerendebynavn</dar:id_namespace>
        <dar:id_lokalId>5688c6e9-6bd9-439a-aa0a-6e3c572ee022</dar:id_lokalId>
        <dar:registreringFra>2016-07-08T15:10:50Z</dar:registreringFra>
        <dar:registreringsaktør>DAR</dar:registreringsaktør>
        <dar:registreringTil>2016-09-09T21:35:00+02:00</dar:registreringTil>
        <dar:status>3</dar:status>
        <dar:virkningFra>2007-05-01T10:43:00Z</dar:virkningFra>
        <dar:virkningsaktør>Konvertering2017</dar:virkningsaktør>
        <dar:navngivenVej>307e4d78-dfbc-5200-e044-0003ba298018</dar:navngivenVej>
        <dar:supplerendeBynavn>b764766c-55dc-4e7f-bc30-306d560013f9</dar:supplerendeBynavn>
      </dar:NavngivenVejSupplerendeBynavn>
    </cmn:DataEntity>
    <cmn:DataEntity>
      <cmn:Action>Create</cmn:Action>
      <cmn:CreateEvent>UpdateEvent</cmn:CreateEvent>
      <dar:NavngivenVejSupplerendeBynavn>
        <dar:forretningshændelse>NavngivenVej</dar:forretningshændelse>
        <dar:forretningsområde>54.15.10.06</dar:forretningsområde>
        <dar:forretningsproces>0</dar:forretningsproces>
        <dar:id_namespace>http://data.gov.dk/dar/navngivenvejsupplerendebynavn</dar:id_namespace>
        <dar:id_lokalId>5688c6e9-6bd9-439a-aa0a-6e3c572ee022</dar:id_lokalId>
        <dar:registreringFra>2016-07-08T15:10:50Z</dar:registreringFra>
        <dar:registreringsaktør>DAR</dar:registreringsaktør>
        <dar:status>3</dar:status>
        <dar:virkningFra>2007-05-01T10:43:00Z</dar:virkningFra>
        <dar:virkningsaktør>Konvertering2017</dar:virkningsaktør>
        <dar:virkningTil>2016-09-09T21:35:00+02:00</dar:virkningTil>
        <dar:navngivenVej>307e4d78-dfbc-5200-e044-0003ba298018</dar:navngivenVej>
        <dar:supplerendeBynavn>b764766c-55dc-4e7f-bc30-306d560013f9</dar:supplerendeBynavn>
      </dar:NavngivenVejSupplerendeBynavn>
    </cmn:DataEntity>
  </cmn:Data>
</cmn:DatafordelerDataDelivery>
