<cmn:DatafordelerDataDelivery xmlns:xsi="http://www.w3.org/2001/XMLSchema-instance" xmlns:cmn="http://data.gov.dk/daf" xmlns:dar="http://data.gov.dk/dar">
  <cmn:Header>
    <cmn:ReplicationChannelID>22</cmn:ReplicationChannelID>
    <cmn:SequenceNumber>2</cmn:SequenceNumber>
    <cmn:TimeOfCreation>2016-09-16T14:27:50.8227024Z</cmn:TimeOfCreation>
    <cmn:CoversPeriodFrom xsi:nil="true" />
    <cmn:CoversPeriodTo xsi:nil="true" />
    <cmn:DeliveryType>Delta</cmn:DeliveryType>
  </cmn:Header>
  <cmn:Data>
    <cmn:DataEntity>
      <cmn:Action>Update</cmn:Action>
      <cmn:CreateEvent>NoEvent</cmn:CreateEvent>
      <dar:NavngivenVej>
        <dar:forretningshændelse>0</dar:forretningshændelse>
        <dar:forretningsområde>54.15.10.06</dar:forretningsområde>
        <dar:forretningsproces>0</dar:forretningsproces>
        <dar:id_namespace>http://data.gov.dk/dar/navngivenvej</dar:id_namespace>
        <dar:id_lokalId>57d7fa28-33d2-4abe-a830-0000fd390137</dar:id_lokalId>
        <dar:registreringFra>2016-07-08T15:10:50Z</dar:registreringFra>
        <dar:registreringsaktør>SDFE</dar:registreringsaktør>
        <dar:registreringTil>2016-09-09T21:35:00+02:00</dar:registreringTil>
        <dar:status>3</dar:status>
        <dar:virkningFra>2006-12-31T22:22:22.22Z</dar:virkningFra>
        <dar:virkningsaktør>Konvertering2017SDFE</dar:virkningsaktør>
        <dar:administreresAfKommune>0350</dar:administreresAfKommune>
        <dar:udtaltVejnavn>Østervang</dar:udtaltVejnavn>
        <dar:vejadresseringsnavn>Østervang</dar:vejadresseringsnavn>
        <dar:vejnavn>Østervang</dar:vejnavn>
        <dar:vejnavnebeliggenhed_oprindelse_kilde>Ekstern</dar:vejnavnebeliggenhed_oprindelse_kilde>
        <dar:vejnavnebeliggenhed_oprindelse_nøjagtighedsklasse>B</dar:vejnavnebeliggenhed_oprindelse_nøjagtighedsklasse>
        <dar:vejnavnebeliggenhed_oprindelse_registrering>2016-04-06T13:24:14.91Z</dar:vejnavnebeliggenhed_oprindelse_registrering>
        <dar:vejnavnebeliggenhed_oprindelse_tekniskStandard>NO</dar:vejnavnebeliggenhed_oprindelse_tekniskStandard>
        <dar:vejnavnebeliggenhed_vejnavnelinje>GEOMETRYCOLLECTION EMPTY</dar:vejnavnebeliggenhed_vejnavnelinje>
        <dar:vejnavnebeliggenhed_vejnavneområde>POLYGON ((684466.08 6176469.55, 684602.454553 6176340.89854, 684088.554553 6175796.14854, 683952.18 6175924.8, 684466.08 6176469.55))</dar:vejnavnebeliggenhed_vejnavneområde>
        <dar:vejnavnebeliggenhed_vejtilslutningspunkter>GEOMETRYCOLLECTION EMPTY</dar:vejnavnebeliggenhed_vejtilslutningspunkter>
      </dar:NavngivenVej>
    </cmn:DataEntity>
    <cmn:DataEntity>
      <cmn:Action>Create</cmn:Action>
      <cmn:CreateEvent>UpdateEvent</cmn:CreateEvent>
      <dar:NavngivenVej>
        <dar:forretningshændelse>0</dar:forretningshændelse>
        <dar:forretningsområde>54.15.10.06</dar:forretningsområde>
        <dar:forretningsproces>0</dar:forretningsproces>
        <dar:id_namespace>http://data.gov.dk/dar/navngivenvej</dar:id_namespace>
        <dar:id_lokalId>57d7fa28-33d2-4abe-a830-0000fd390137</dar:id_lokalId>
        <dar:registreringFra>2016-09-09T21:35:00+02:00</dar:registreringFra>
        <dar:registreringsaktør>SDFE</dar:registreringsaktør>
        <dar:status>3</dar:status>
        <dar:virkningFra>2006-12-31T22:22:22.22Z</dar:virkningFra>
        <dar:virkningsaktør>Konvertering2017SDFE</dar:virkningsaktør>
        <dar:virkningTil>2016-09-09T21:35:00+02:00</dar:virkningTil>
        <dar:administreresAfKommune>0350</dar:administreresAfKommune>
        <dar:udtaltVejnavn>Østervang</dar:udtaltVejnavn>
        <dar:vejadresseringsnavn>Østervang</dar:vejadresseringsnavn>
        <dar:vejnavn>Østervang</dar:vejnavn>
        <dar:vejnavnebeliggenhed_oprindelse_kilde>Ekstern</dar:vejnavnebeliggenhed_oprindelse_kilde>
        <dar:vejnavnebeliggenhed_oprindelse_nøjagtighedsklasse>B</dar:vejnavnebeliggenhed_oprindelse_nøjagtighedsklasse>
        <dar:vejnavnebeliggenhed_oprindelse_registrering>2016-04-06T13:24:14.91Z</dar:vejnavnebeliggenhed_oprindelse_registrering>
        <dar:vejnavnebeliggenhed_oprindelse_tekniskStandard>NO</dar:vejnavnebeliggenhed_oprindelse_tekniskStandard>
        <dar:vejnavnebeliggenhed_vejnavnelinje>GEOMETRYCOLLECTION EMPTY</dar:vejnavnebeliggenhed_vejnavnelinje>
        <dar:vejnavnebeliggenhed_vejnavneområde>POLYGON ((684466.08 6176469.55, 684602.454553 6176340.89854, 684088.554553 6175796.14854, 683952.18 6175924.8, 684466.08 6176469.55))</dar:vejnavnebeliggenhed_vejnavneområde>
        <dar:vejnavnebeliggenhed_vejtilslutningspunkter>GEOMETRYCOLLECTION EMPTY</dar:vejnavnebeliggenhed_vejtilslutningspunkter>
      </dar:NavngivenVej>
    </cmn:DataEntity>
  </cmn:Data>
</cmn:DatafordelerDataDelivery>
