<cmn:DatafordelerDataDelivery xmlns:xsi="http://www.w3.org/2001/XMLSchema-instance" xmlns:cmn="http://data.gov.dk/daf" xmlns:dar="http://data.gov.dk/dar">
  <cmn:Header>
    <cmn:ReplicationChannelID>22</cmn:ReplicationChannelID>
    <cmn:SequenceNumber>2</cmn:SequenceNumber>
    <cmn:TimeOfCreation>2016-09-16T14:27:50.99872Z</cmn:TimeOfCreation>
    <cmn:CoversPeriodFrom xsi:nil="true" />
    <cmn:CoversPeriodTo xsi:nil="true" />
    <cmn:DeliveryType>Delta</cmn:DeliveryType>
  </cmn:Header>
  <cmn:Data>
    <cmn:DataEntity>
      <cmn:Action>Update</cmn:Action>
      <cmn:CreateEvent>NoEvent</cmn:CreateEvent>
      <dar:NavngivenVejKommunedel>
        <dar:forretningshændelse>1</dar:forretningshændelse>
        <dar:forretningsområde>54.15.10.06</dar:forretningsområde>
        <dar:forretningsproces>0</dar:forretningsproces>
        <dar:id_namespace>http://data.gov.dk/dar/navngivenvejkommunedel</dar:id_namespace>
        <dar:id_lokalId>a07be7f8-6f7e-11e6-9115-063320a53a26</dar:id_lokalId>
        <dar:registreringFra>2016-07-08T15:10:50Z</dar:registreringFra>
        <dar:registreringsaktør>DAR</dar:registreringsaktør>
        <dar:registreringTil>2016-09-09T21:35:00+02:00</dar:registreringTil>
        <dar:status>3</dar:status>
        <dar:virkningFra>2014-07-01T09:45:00Z</dar:virkningFra>
        <dar:virkningsaktør>Konvertering2017SDFE</dar:virkningsaktør>
        <dar:kommune>0101</dar:kommune>
        <dar:vejkode>5766</dar:vejkode>
        <dar:navngivenVej>9b92c87f-5096-4543-bdc4-be9f5ebdb1ef</dar:navngivenVej>
      </dar:NavngivenVejKommunedel>
    </cmn:DataEntity>
    <cmn:DataEntity>
      <cmn:Action>Create</cmn:Action>
      <cmn:CreateEvent>UpdateEvent</cmn:CreateEvent>
      <dar:NavngivenVejKommunedel>
        <dar:forretningshændelse>1</dar:forretningshændelse>
        <dar:forretningsområde>54.15.10.06</dar:forretningsområde>
        <dar:forretningsproces>0</dar:forretningsproces>
        <dar:id_namespace>http://data.gov.dk/dar/navngivenvejkommunedel</dar:id_namespace>
        <dar:id_lokalId>a07be7f8-6f7e-11e6-9115-063320a53a26</dar:id_lokalId>
        <dar:registreringFra>2016-07-08T15:10:50Z</dar:registreringFra>
        <dar:registreringsaktør>DAR</dar:registreringsaktør>
        <dar:status>3</dar:status>
        <dar:virkningFra>2014-07-01T09:45:00Z</dar:virkningFra>
        <dar:virkningsaktør>Konvertering2017SDFE</dar:virkningsaktør>
        <dar:virkningTil>2016-09-09T21:35:00+02:00</dar:virkningTil>
        <dar:kommune>0101</dar:kommune>
        <dar:vejkode>5766</dar:vejkode>
        <dar:navngivenVej>9b92c87f-5096-4543-bdc4-be9f5ebdb1ef</dar:navngivenVej>
      </dar:NavngivenVejKommunedel>
    </cmn:DataEntity>
  </cmn:Data>
</cmn:DatafordelerDataDelivery>
