<cmn:DatafordelerDataDelivery xmlns:xsi="http://www.w3.org/2001/XMLSchema-instance" xmlns:cmn="http://data.gov.dk/daf" xmlns:dar="http://data.gov.dk/dar">
  <cmn:Header>
    <cmn:ReplicationChannelID>22</cmn:ReplicationChannelID>
    <cmn:SequenceNumber>2</cmn:SequenceNumber>
    <cmn:TimeOfCreation>2016-09-16T14:27:50.7346936Z</cmn:TimeOfCreation>
    <cmn:CoversPeriodFrom xsi:nil="true" />
    <cmn:CoversPeriodTo xsi:nil="true" />
    <cmn:DeliveryType>Delta</cmn:DeliveryType>
  </cmn:Header>
  <cmn:Data>
    <cmn:DataEntity>
      <cmn:Action>Create</cmn:Action>
      <cmn:CreateEvent>CreateEvent</cmn:CreateEvent>
      <dar:NavngivenVej>
        <dar:forretningshændelse>Opret navngiven vej</dar:forretningshændelse>
        <dar:forretningsområde>NavngivenVej</dar:forretningsområde>
        <dar:forretningsproces>Opret navngiven vej</dar:forretningsproces>
        <dar:id_namespace>http://data.gov.dk/dar/navngivenvej</dar:id_namespace>
        <dar:id_lokalId>bf0136b3-4bb0-493d-b614-6bc6bcce4cb8</dar:id_lokalId>
        <dar:registreringFra>2016-09-09T21:35:00+02:00</dar:registreringFra>
        <dar:registreringsaktør>DAR 1.0</dar:registreringsaktør>
        <dar:status>3</dar:status>
        <dar:virkningFra>2016-09-09T21:35:00+02:00</dar:virkningFra>
        <dar:virkningsaktør>Andreas</dar:virkningsaktør>
        <dar:administreresAfKommune>0101</dar:administreresAfKommune>
        <dar:udtaltVejnavn>Grønningensgrøn</dar:udtaltVejnavn>
        <dar:vejadresseringsnavn>Grønningensgrøn</dar:vejadresseringsnavn>
        <dar:vejnavn>Grønningensgrøn</dar:vejnavn>
        <dar:vejnavnebeliggenhed_oprindelse_registrering>0001-01-01T00:00:00Z</dar:vejnavnebeliggenhed_oprindelse_registrering>
        <dar:vejnavnebeliggenhed_vejnavneområde>POLYGON ((725613.26122652285 6177422.754845513, 725626.98125396285 6177404.694809393, 725626.98125396285 6177404.554809113, 725616.34123268281 6177409.2448184937, 725613.26122652285 6177422.754845513))</dar:vejnavnebeliggenhed_vejnavneområde>
        <dar:vejnavnebeliggenhed_vejtilslutningspunkter>MULTIPOINT ((725622.81320722436 6177430.2169966688))</dar:vejnavnebeliggenhed_vejtilslutningspunkter>
      </dar:NavngivenVej>
    </cmn:DataEntity>
  </cmn:Data>
</cmn:DatafordelerDataDelivery>
