<cmn:DatafordelerDataDelivery xmlns:xsi="http://www.w3.org/2001/XMLSchema-instance" xmlns:cmn="http://data.gov.dk/daf" xmlns:dar="http://data.gov.dk/dar">
  <cmn:Header>
    <cmn:ReplicationChannelID>22</cmn:ReplicationChannelID>
    <cmn:SequenceNumber>2</cmn:SequenceNumber>
    <cmn:TimeOfCreation>2016-09-16T14:27:54.2340435Z</cmn:TimeOfCreation>
    <cmn:CoversPeriodFrom xsi:nil="true" />
    <cmn:CoversPeriodTo xsi:nil="true" />
    <cmn:DeliveryType>Delta</cmn:DeliveryType>
  </cmn:Header>
  <cmn:Data>
    <cmn:DataEntity>
      <cmn:Action>Update</cmn:Action>
      <cmn:CreateEvent>NoEvent</cmn:CreateEvent>
      <dar:NavngivenVejPostnummer>
        <dar:forretningshændelse>NavngivenVej</dar:forretningshændelse>
        <dar:forretningsområde>54.15.10.06</dar:forretningsområde>
        <dar:forretningsproces>0</dar:forretningsproces>
        <dar:id_namespace>http://data.gov.dk/dar/navngivenvejpostnummer</dar:id_namespace>
        <dar:id_lokalId>74781cae-1814-4400-9601-bb3a655d3101</dar:id_lokalId>
        <dar:registreringFra>2016-07-08T15:10:50Z</dar:registreringFra>
        <dar:registreringsaktør>DAR</dar:registreringsaktør>
        <dar:registreringTil>2016-09-09T21:35:00+02:00</dar:registreringTil>
        <dar:status>3</dar:status>
        <dar:virkningFra>1900-01-01T12:00:00Z</dar:virkningFra>
        <dar:virkningsaktør>Konvertering2017</dar:virkningsaktør>
        <dar:navngivenVej>658f3b60-d9d2-418a-9ffd-f55ab57a73c5</dar:navngivenVej>
        <dar:postnummer>01295ec5-4aee-4d69-8108-a1cf2fd85ca5</dar:postnummer>
      </dar:NavngivenVejPostnummer>
    </cmn:DataEntity>
    <cmn:DataEntity>
      <cmn:Action>Create</cmn:Action>
      <cmn:CreateEvent>UpdateEvent</cmn:CreateEvent>
      <dar:NavngivenVejPostnummer>
        <dar:forretningshændelse>NavngivenVej</dar:forretningshændelse>
        <dar:forretningsområde>54.15.10.06</dar:forretningsområde>
        <dar:forretningsproces>0</dar:forretningsproces>
        <dar:id_namespace>http://data.gov.dk/dar/navngivenvejpostnummer</dar:id_namespace>
        <dar:id_lokalId>74781cae-1814-4400-9601-bb3a655d3101</dar:id_lokalId>
        <dar:registreringFra>2016-07-08T15:10:50Z</dar:registreringFra>
        <dar:registreringsaktør>DAR</dar:registreringsaktør>
        <dar:status>3</dar:status>
        <dar:virkningFra>1900-01-01T12:00:00Z</dar:virkningFra>
        <dar:virkningsaktør>Konvertering2017</dar:virkningsaktør>
		<dar:virkningTil>2016-09-09T21:35:00+02:00</dar:virkningTil>
        <dar:navngivenVej>658f3b60-d9d2-418a-9ffd-f55ab57a73c5</dar:navngivenVej>
        <dar:postnummer>01295ec5-4aee-4d69-8108-a1cf2fd85ca5</dar:postnummer>
      </dar:NavngivenVejPostnummer>
    </cmn:DataEntity>
  </cmn:Data>
</cmn:DatafordelerDataDelivery>
