<cmn:DatafordelerDataDelivery xmlns:xsi="http://www.w3.org/2001/XMLSchema-instance" xmlns:cmn="http://data.gov.dk/daf" xmlns:dar="http://data.gov.dk/dar">
  <cmn:Header>
    <cmn:ReplicationChannelID>22</cmn:ReplicationChannelID>
    <cmn:SequenceNumber>2</cmn:SequenceNumber>
    <cmn:TimeOfCreation>2016-09-16T14:27:54.5200721Z</cmn:TimeOfCreation>
    <cmn:CoversPeriodFrom xsi:nil="true" />
    <cmn:CoversPeriodTo xsi:nil="true" />
    <cmn:DeliveryType>Delta</cmn:DeliveryType>
  </cmn:Header>
  <cmn:Data>
    <cmn:DataEntity>
      <cmn:Action>Update</cmn:Action>
      <cmn:CreateEvent>NoEvent</cmn:CreateEvent>
      <dar:Postnummer>
        <dar:forretningshændelse>4</dar:forretningshændelse>
        <dar:forretningsområde>54.15.10.25</dar:forretningsområde>
        <dar:forretningsproces>0</dar:forretningsproces>
        <dar:id_namespace>http://data.gov.dk/dar/postnummer</dar:id_namespace>
        <dar:id_lokalId>52cfc5c2-25cb-49bc-ba3a-56132b83e96f</dar:id_lokalId>
        <dar:registreringFra>2016-07-08T15:10:50Z</dar:registreringFra>
        <dar:registreringTil>2016-09-09T21:35:00+02:00</dar:registreringTil>
        <dar:status>3</dar:status>
        <dar:virkningFra>1753-01-01T00:00:00Z</dar:virkningFra>
        <dar:virkningsaktør>Konvertering2017</dar:virkningsaktør>
        <dar:navn>Stokkemarke</dar:navn>
        <dar:postnr>4952</dar:postnr>
        <dar:postnummerinddeling>194952</dar:postnummerinddeling>
      </dar:Postnummer>
    </cmn:DataEntity>
    <cmn:DataEntity>
      <cmn:Action>Create</cmn:Action>
      <cmn:CreateEvent>UpdateEvent</cmn:CreateEvent>
      <dar:Postnummer>
        <dar:forretningshændelse>4</dar:forretningshændelse>
        <dar:forretningsområde>54.15.10.25</dar:forretningsområde>
        <dar:forretningsproces>0</dar:forretningsproces>
        <dar:id_namespace>http://data.gov.dk/dar/postnummer</dar:id_namespace>
        <dar:id_lokalId>52cfc5c2-25cb-49bc-ba3a-56132b83e96f</dar:id_lokalId>
        <dar:registreringFra>2016-09-09T21:35:00+02:00</dar:registreringFra>
        <dar:status>3</dar:status>
        <dar:virkningFra>1753-01-01T00:00:00Z</dar:virkningFra>
        <dar:virkningsaktør>Konvertering2017</dar:virkningsaktør>
        <dar:virkningTil>2016-09-09T21:35:00+02:00</dar:virkningTil>
        <dar:navn>Stokkemarke</dar:navn>
        <dar:postnr>4952</dar:postnr>
        <dar:postnummerinddeling>194952</dar:postnummerinddeling>
      </dar:Postnummer>
    </cmn:DataEntity>
  </cmn:Data>
</cmn:DatafordelerDataDelivery>
