<cmn:DatafordelerDataDelivery xmlns:xsi="http://www.w3.org/2001/XMLSchema-instance" xmlns:cmn="http://data.gov.dk/daf" xmlns:dar="http://data.gov.dk/dar">
  <cmn:Header>
    <cmn:ReplicationChannelID>22</cmn:ReplicationChannelID>
    <cmn:SequenceNumber>2</cmn:SequenceNumber>
    <cmn:TimeOfCreation>2016-09-16T14:27:51.088729Z</cmn:TimeOfCreation>
    <cmn:CoversPeriodFrom xsi:nil="true" />
    <cmn:CoversPeriodTo xsi:nil="true" />
    <cmn:DeliveryType>Delta</cmn:DeliveryType>
  </cmn:Header>
  <cmn:Data>
    <cmn:DataEntity>
      <cmn:Action>Create</cmn:Action>
      <cmn:CreateEvent>CreateEvent</cmn:CreateEvent>
      <dar:SupplerendeBynavn>
        <dar:forretningshændelse>5</dar:forretningshændelse>
        <dar:forretningsområde>54.15.10.25</dar:forretningsområde>
        <dar:forretningsproces>0</dar:forretningsproces>
        <dar:id_namespace>http://data.gov.dk/dar/supplerendebynavn</dar:id_namespace>
        <dar:id_lokalId>c341fbcd-dbe9-4ab4-9dd4-2951f9a99e23</dar:id_lokalId>
        <dar:registreringFra>2016-09-09T21:35:00+02:00</dar:registreringFra>
        <dar:status>3</dar:status>
        <dar:virkningFra>2016-09-09T21:35:00+02:00</dar:virkningFra>
        <dar:virkningsaktør>Konvertering2017</dar:virkningsaktør>
        <dar:navn>Dortheasminde</dar:navn>
        <dar:supplerendeBynavn>1651961</dar:supplerendeBynavn>
      </dar:SupplerendeBynavn>
    </cmn:DataEntity>
  </cmn:Data>
</cmn:DatafordelerDataDelivery>
