<cmn:DatafordelerDataDelivery xmlns:xsi="http://www.w3.org/2001/XMLSchema-instance" xmlns:cmn="http://data.gov.dk/daf" xmlns:dar="http://data.gov.dk/dar">
  <cmn:Header>
    <cmn:ReplicationChannelID>22</cmn:ReplicationChannelID>
    <cmn:SequenceNumber>2</cmn:SequenceNumber>
    <cmn:TimeOfCreation>2016-09-16T14:27:51.1177319Z</cmn:TimeOfCreation>
    <cmn:CoversPeriodFrom xsi:nil="true" />
    <cmn:CoversPeriodTo xsi:nil="true" />
    <cmn:DeliveryType>Delta</cmn:DeliveryType>
  </cmn:Header>
  <cmn:Data>
    <cmn:DataEntity>
      <cmn:Action>Update</cmn:Action>
      <cmn:CreateEvent>NoEvent</cmn:CreateEvent>
      <dar:SupplerendeBynavn>
        <dar:forretningshændelse>5</dar:forretningshændelse>
        <dar:forretningsområde>54.15.10.25</dar:forretningsområde>
        <dar:forretningsproces>0</dar:forretningsproces>
        <dar:id_namespace>http://data.gov.dk/dar/supplerendebynavn</dar:id_namespace>
        <dar:id_lokalId>0ed4b049-2e9b-4794-8e02-306f857b3ba5</dar:id_lokalId>
        <dar:registreringFra>2016-07-08T15:10:50Z</dar:registreringFra>
        <dar:registreringsaktør>DAR</dar:registreringsaktør>
        <dar:registreringTil>2016-09-09T21:35:00+02:00</dar:registreringTil>
        <dar:status>3</dar:status>
        <dar:virkningFra>1753-01-01T00:00:00Z</dar:virkningFra>
        <dar:virkningsaktør>Konvertering2017</dar:virkningsaktør>
        <dar:navn>Hjelmerup</dar:navn>
        <dar:supplerendeBynavn>1651951</dar:supplerendeBynavn>
      </dar:SupplerendeBynavn>
    </cmn:DataEntity>
    <cmn:DataEntity>
      <cmn:Action>Create</cmn:Action>
      <cmn:CreateEvent>NoEvent</cmn:CreateEvent>
      <dar:SupplerendeBynavn>
        <dar:forretningshændelse>5</dar:forretningshændelse>
        <dar:forretningsområde>54.15.10.25</dar:forretningsområde>
        <dar:forretningsproces>0</dar:forretningsproces>
        <dar:id_namespace>http://data.gov.dk/dar/supplerendebynavn</dar:id_namespace>
        <dar:id_lokalId>0ed4b049-2e9b-4794-8e02-306f857b3ba5</dar:id_lokalId>
        <dar:registreringFra>2016-09-09T21:35:00+02:00</dar:registreringFra>
        <dar:registreringsaktør>DAR</dar:registreringsaktør>
        <dar:status>3</dar:status>
        <dar:virkningFra>1753-01-01T00:00:00Z</dar:virkningFra>
        <dar:virkningsaktør>Konvertering2017</dar:virkningsaktør>
        <dar:virkningTil>2016-09-09T21:35:00+02:00</dar:virkningTil>
        <dar:navn>Hjelmerup</dar:navn>
        <dar:supplerendeBynavn>1651951</dar:supplerendeBynavn>
      </dar:SupplerendeBynavn>
    </cmn:DataEntity>
    <cmn:DataEntity>
      <cmn:Action>Create</cmn:Action>
      <cmn:CreateEvent>UpdateEvent</cmn:CreateEvent>
      <dar:SupplerendeBynavn>
        <dar:forretningshændelse>5</dar:forretningshændelse>
        <dar:forretningsområde>54.15.10.25</dar:forretningsområde>
        <dar:forretningsproces>0</dar:forretningsproces>
        <dar:id_namespace>http://data.gov.dk/dar/supplerendebynavn</dar:id_namespace>
        <dar:id_lokalId>0ed4b049-2e9b-4794-8e02-306f857b3ba5</dar:id_lokalId>
        <dar:registreringFra>2016-09-09T21:35:00+02:00</dar:registreringFra>
        <dar:registreringsaktør>DAR</dar:registreringsaktør>
        <dar:status>3</dar:status>
        <dar:virkningFra>2016-09-09T21:35:00+02:00</dar:virkningFra>
        <dar:virkningsaktør>Konvertering2017</dar:virkningsaktør>
        <dar:navn>Hjelmerup</dar:navn>
        <dar:supplerendeBynavn>1651951</dar:supplerendeBynavn>
      </dar:SupplerendeBynavn>
    </cmn:DataEntity>
  </cmn:Data>
</cmn:DatafordelerDataDelivery>
